frameIndex;frameTime;F0final_sma;voicingFinalUnclipped_sma;jitterLocal_sma
0;0.010000;0;2.199332e-01;0
1;0.020000;0;4.295948e-01;0
2;0.030000;0;6.604932e-01;0
3;0.040000;0;6.601253e-01;0
4;0.050000;0;6.850576e-01;0
5;0.060000;0;6.770250e-01;0
6;0.070000;0;6.577324e-01;0
7;0.080000;0;6.167528e-01;0
8;0.090000;0;5.904545e-01;0
9;0.100000;0;5.804028e-01;0
10;0.110000;0;5.841900e-01;0
11;0.120000;0;6.000040e-01;0
12;0.130000;0;6.075559e-01;0
13;0.140000;0;6.101803e-01;0
14;0.150000;5.908686e+01;6.513837e-01;0
15;0.160000;1.182697e+02;7.082564e-01;0
16;0.170000;1.779943e+02;7.551479e-01;5.751828e-02
17;0.180000;1.867056e+02;7.390954e-01;6.149869e-02
18;0.190000;1.953208e+02;7.388930e-01;6.567235e-02
19;0.200000;2.029382e+02;7.487509e-01;2.704998e-02
20;0.210000;2.712212e+02;7.732229e-01;1.006110e-01
21;0.220000;3.404698e+02;7.920448e-01;1.112363e-01
22;0.230000;4.102101e+02;8.122580e-01;1.029735e-01
23;0.240000;4.108762e+02;8.268145e-01;3.495577e-02
24;0.250000;4.102729e+02;8.269048e-01;3.062387e-02
25;0.260000;4.098995e+02;8.176918e-01;2.939151e-02
26;0.270000;3.401720e+02;7.988584e-01;2.926871e-02
27;0.280000;2.690445e+02;7.942649e-01;2.820247e-02
28;0.290000;1.974457e+02;7.979366e-01;1.749049e-01
29;0.300000;1.955667e+02;8.143602e-01;1.798335e-01
30;0.310000;1.952297e+02;8.184561e-01;1.847620e-01
31;0.320000;1.946749e+02;8.199869e-01;2.940244e-02
32;0.330000;1.939062e+02;8.188556e-01;1.633005e-02
33;0.340000;1.934451e+02;8.170939e-01;2.683725e-03
34;0.350000;1.937194e+02;8.130820e-01;3.252218e-03
35;0.360000;1.943822e+02;8.047554e-01;5.052113e-03
36;0.370000;1.956349e+02;7.976861e-01;6.708477e-03
37;0.380000;1.966126e+02;7.882665e-01;1.227906e-02
38;0.390000;1.970580e+02;7.845901e-01;1.588325e-02
39;0.400000;1.968749e+02;7.834219e-01;2.020491e-02
40;0.410000;1.974551e+02;7.855881e-01;1.589676e-02
41;0.420000;1.992705e+02;7.906092e-01;1.181029e-02
42;0.430000;2.022254e+02;7.939667e-01;5.391778e-03
43;0.440000;2.056787e+02;8.020070e-01;5.930804e-03
44;0.450000;2.117041e+02;7.960729e-01;1.348294e-02
45;0.460000;2.179551e+02;7.998446e-01;1.685390e-02
46;0.470000;2.231828e+02;8.082573e-01;3.672976e-02
47;0.480000;2.249473e+02;8.268477e-01;3.483095e-02
48;0.490000;2.253361e+02;8.359993e-01;3.433624e-02
49;0.500000;2.258729e+02;8.353967e-01;1.306317e-02
50;0.510000;2.270136e+02;8.323720e-01;5.740179e-03
51;0.520000;2.276974e+02;8.238599e-01;3.526310e-03
52;0.530000;2.256365e+02;7.917473e-01;8.038622e-03
53;0.540000;1.494104e+02;7.235398e-01;7.133678e-03
54;0.550000;7.354432e+01;6.534309e-01;6.228732e-03
55;0.560000;0;6.121671e-01;0
56;0.570000;0;6.123460e-01;0
57;0.580000;0;6.410703e-01;0
58;0.590000;0;6.511751e-01;0
59;0.600000;0;6.453039e-01;0
60;0.610000;0;6.090074e-01;0
61;0.620000;0;5.858085e-01;0
62;0.630000;0;5.807739e-01;0
63;0.640000;0;5.700476e-01;0
64;0.650000;0;5.821897e-01;0
65;0.660000;0;5.803918e-01;0
66;0.670000;0;6.034751e-01;0
67;0.680000;0;6.000143e-01;0
68;0.690000;0;6.100762e-01;0
69;0.700000;0;6.082501e-01;0
70;0.710000;0;5.861837e-01;0
71;0.720000;0;5.930434e-01;0
72;0.730000;0;5.738197e-01;0
73;0.740000;0;6.072636e-01;0
74;0.750000;7.525879e+01;6.386777e-01;0
75;0.760000;1.484178e+02;7.179853e-01;0
76;0.770000;2.205154e+02;7.810304e-01;0
77;0.780000;2.170983e+02;8.180141e-01;1.969947e-02
78;0.790000;2.160714e+02;8.359075e-01;2.045768e-02
79;0.800000;2.166160e+02;8.442066e-01;2.070913e-02
80;0.810000;2.181036e+02;8.451846e-01;2.003276e-03
81;0.820000;2.199332e+02;8.450902e-01;6.702447e-03
82;0.830000;2.224077e+02;8.413140e-01;7.420041e-03
83;0.840000;2.255291e+02;8.355277e-01;7.395455e-03
84;0.850000;2.297876e+02;8.287980e-01;5.053183e-03
85;0.860000;2.350924e+02;8.252999e-01;8.057711e-03
86;0.870000;2.410868e+02;8.247631e-01;1.615126e-02
87;0.880000;2.484110e+02;8.195596e-01;1.647245e-02
88;0.890000;2.570178e+02;8.020923e-01;1.699611e-02
89;0.900000;2.684440e+02;7.769991e-01;2.004719e-02
90;0.910000;2.870682e+02;7.587605e-01;3.569779e-02
91;0.920000;3.071923e+02;7.608263e-01;5.028748e-02
92;0.930000;3.247926e+02;7.761628e-01;5.689843e-02
93;0.940000;3.324909e+02;7.769147e-01;5.134206e-02
94;0.950000;2.233386e+02;7.401855e-01;3.225515e-02
95;0.960000;1.118669e+02;6.714944e-01;1.353054e-02
96;0.970000;0;6.131229e-01;0
97;0.980000;0;5.965786e-01;0
98;0.990000;0;6.116076e-01;0
99;1.000000;0;6.240992e-01;0
100;1.010000;0;6.331486e-01;0
101;1.020000;0;6.249366e-01;0
102;1.030000;0;6.330602e-01;0
103;1.040000;0;6.277841e-01;0
104;1.050000;0;6.339627e-01;0
105;1.060000;0;6.196346e-01;0
106;1.070000;0;6.094407e-01;0
107;1.080000;0;5.987331e-01;0
108;1.090000;0;6.050959e-01;0
109;1.100000;0;6.330974e-01;0
110;1.110000;3.779980e+02;6.971946e-01;2.783982e-02
111;1.120000;7.562189e+02;7.537263e-01;3.592205e-02
112;1.130000;7.562189e+02;7.329748e-01;3.592205e-02
113;1.140000;3.782209e+02;6.587806e-01;8.082232e-03
114;1.150000;0;5.916115e-01;0
115;1.160000;0;5.762847e-01;0
116;1.170000;0;5.877293e-01;0
117;1.180000;0;5.640394e-01;0
118;1.190000;0;5.701405e-01;0
119;1.200000;0;5.671917e-01;0
120;1.210000;0;5.784237e-01;0
121;1.220000;0;5.692384e-01;0
122;1.230000;0;5.491758e-01;0
123;1.240000;0;5.494562e-01;0
124;1.250000;0;5.399064e-01;0
125;1.260000;0;5.543416e-01;0
126;1.270000;0;5.461997e-01;0
127;1.280000;0;5.461422e-01;0
128;1.290000;0;5.590627e-01;0
129;1.300000;0;5.826446e-01;0
130;1.310000;0;5.961129e-01;0
131;1.320000;0;5.823581e-01;0
132;1.330000;0;5.663049e-01;0
133;1.340000;0;5.569060e-01;0
134;1.350000;0;5.600071e-01;0
135;1.360000;0;5.555187e-01;0
136;1.370000;0;5.502510e-01;0
137;1.380000;0;5.491892e-01;0
138;1.390000;0;5.656180e-01;0
139;1.400000;0;5.870955e-01;0
140;1.410000;0;5.900798e-01;0
141;1.420000;0;5.895812e-01;0
142;1.430000;0;5.942928e-01;0
143;1.440000;0;6.223558e-01;0
144;1.450000;0;6.440243e-01;0
145;1.460000;0;6.083354e-01;0
146;1.470000;0;5.508456e-01;0
147;1.480000;0;5.206617e-01;0
148;1.490000;0;5.401737e-01;0
149;1.500000;0;5.500171e-01;0
150;1.510000;0;5.441182e-01;0
151;1.520000;0;5.517823e-01;0
152;1.530000;0;5.989762e-01;0
153;1.540000;7.248308e+01;6.687142e-01;0
154;1.550000;1.456200e+02;7.351764e-01;0
155;1.560000;2.948083e+02;7.731600e-01;8.655392e-02
156;1.570000;3.689862e+02;7.841540e-01;1.025447e-01
157;1.580000;4.415598e+02;7.913361e-01;1.217530e-01
158;1.590000;4.395284e+02;8.094397e-01;4.154941e-02
159;1.600000;4.407317e+02;8.303869e-01;3.498153e-02
160;1.610000;4.439442e+02;8.424172e-01;1.731543e-02
161;1.620000;4.470424e+02;8.432537e-01;1.501602e-02
162;1.630000;4.503448e+02;8.324817e-01;1.316821e-02
163;1.640000;4.531500e+02;8.015752e-01;2.067184e-02
164;1.650000;3.028949e+02;7.510551e-01;1.662094e-02
165;1.660000;3.017387e+02;7.156374e-01;9.045905e-03
166;1.670000;2.996983e+02;7.251532e-01;5.877696e-03
167;1.680000;4.493513e+02;7.551973e-01;1.005942e-02
168;1.690000;2.993409e+02;7.529288e-01;1.005942e-02
169;1.700000;1.496531e+02;7.244031e-01;4.181725e-03
170;1.710000;1.491179e+02;7.027450e-01;1.948071e-02
171;1.720000;2.256244e+02;7.093337e-01;1.005328e-01
172;1.730000;2.256244e+02;6.815059e-01;1.005328e-01
173;1.740000;7.650645e+01;6.842189e-01;8.105205e-02
174;1.750000;0;6.696734e-01;0
175;1.760000;0;6.660426e-01;0
176;1.770000;0;6.006720e-01;0
177;1.780000;0;5.933475e-01;0
178;1.790000;1.526578e+02;6.481479e-01;5.933885e-02
179;1.800000;3.014674e+02;7.428560e-01;1.107313e-01
180;1.810000;4.491040e+02;8.065652e-01;1.188428e-01
181;1.820000;4.436394e+02;8.339221e-01;6.671765e-02
182;1.830000;4.420526e+02;8.456318e-01;2.078992e-02
183;1.840000;4.417646e+02;8.468399e-01;2.120816e-02
184;1.850000;4.426690e+02;8.446079e-01;2.077617e-02
185;1.860000;4.454057e+02;8.377311e-01;2.085736e-02
186;1.870000;4.506311e+02;8.270271e-01;1.775549e-02
187;1.880000;3.798427e+02;8.125970e-01;1.717560e-01
188;1.890000;3.073841e+02;7.890444e-01;1.736483e-01
189;1.900000;1.548100e+02;7.482154e-01;1.682205e-01
190;1.910000;1.527986e+02;7.304127e-01;7.438183e-03
191;1.920000;1.518768e+02;7.368215e-01;3.892751e-03
192;1.930000;2.284561e+02;7.479262e-01;7.728831e-03
193;1.940000;1.531584e+02;7.333873e-01;7.728831e-03
194;1.950000;7.657920e+01;7.045174e-01;3.836080e-03
195;1.960000;0;6.927397e-01;0
196;1.970000;0;6.853781e-01;0
197;1.980000;0;6.825717e-01;0
198;1.990000;0;6.820237e-01;0
199;2.000000;0;6.663914e-01;0
200;2.010000;0;6.330158e-01;0
201;2.020000;0;5.856667e-01;0
202;2.030000;0;5.517219e-01;0
203;2.040000;0;5.376700e-01;0
204;2.050000;9.757902e+01;5.974143e-01;0
205;2.060000;1.937802e+02;6.733873e-01;4.447189e-02
206;2.070000;2.884452e+02;7.573664e-01;5.389037e-02
207;2.080000;2.848062e+02;7.839265e-01;6.049417e-02
208;2.090000;2.823376e+02;8.023507e-01;1.687466e-02
209;2.100000;2.811808e+02;8.068683e-01;8.242792e-03
210;2.110000;2.801295e+02;7.987890e-01;2.287556e-03
211;2.120000;2.780864e+02;7.820880e-01;3.429610e-03
212;2.130000;2.754027e+02;7.503379e-01;8.988629e-03
213;2.140000;2.805800e+02;7.241325e-01;4.932221e-02
214;2.150000;2.856743e+02;7.139050e-01;5.550033e-02
215;2.160000;2.904290e+02;7.304420e-01;5.279830e-02
216;2.170000;2.864013e+02;7.391155e-01;1.789618e-02
217;2.180000;1.896176e+02;7.246595e-01;9.723615e-03
218;2.190000;9.403826e+01;6.780999e-01;6.080015e-03
219;2.200000;0;6.218092e-01;0
220;2.210000;0;5.881278e-01;0
221;2.220000;0;5.752275e-01;0
222;2.230000;0;5.795236e-01;0
223;2.240000;7.839454e+01;6.206675e-01;0
224;2.250000;1.552753e+02;6.876981e-01;0
225;2.260000;2.292183e+02;7.618833e-01;8.143685e-05
226;2.270000;2.232057e+02;8.014258e-01;1.330148e-02
227;2.280000;2.177842e+02;8.243812e-01;2.144667e-02
228;2.290000;2.150750e+02;8.418640e-01;2.367767e-02
229;2.300000;2.139724e+02;8.495934e-01;1.089099e-02
230;2.310000;2.137179e+02;8.511164e-01;2.984593e-03
231;2.320000;2.135373e+02;8.531837e-01;9.109395e-04
232;2.330000;2.132458e+02;8.507192e-01;1.194188e-03
233;2.340000;2.127822e+02;8.430069e-01;1.142905e-03
234;2.350000;2.120991e+02;8.247443e-01;2.129919e-03
235;2.360000;2.117936e+02;8.036548e-01;2.639106e-03
236;2.370000;2.121318e+02;7.957219e-01;5.193308e-03
237;2.380000;2.130072e+02;8.004622e-01;8.910093e-03
238;2.390000;2.141809e+02;8.109528e-01;8.503730e-03
239;2.400000;2.153562e+02;8.139742e-01;6.581464e-03
240;2.410000;2.164775e+02;8.065293e-01;2.458320e-03
241;2.420000;2.171961e+02;7.861518e-01;5.295555e-03
242;2.430000;2.171968e+02;7.585724e-01;6.698520e-03
243;2.440000;2.162422e+02;7.584162e-01;1.839258e-02
244;2.450000;2.147851e+02;7.867332e-01;3.010821e-02
245;2.460000;2.136100e+02;8.250228e-01;4.325811e-02
246;2.470000;2.134960e+02;8.429350e-01;3.394185e-02
247;2.480000;2.143018e+02;8.427332e-01;2.163769e-02
248;2.490000;2.159230e+02;8.388243e-01;6.687511e-03
249;2.500000;2.183455e+02;8.335058e-01;5.295416e-03
250;2.510000;2.215532e+02;8.340252e-01;3.454260e-03
251;2.520000;2.252644e+02;8.370200e-01;4.259136e-03
252;2.530000;2.287212e+02;8.434358e-01;7.541129e-03
253;2.540000;2.318472e+02;8.459640e-01;7.085963e-03
254;2.550000;2.342857e+02;8.470333e-01;8.702775e-03
255;2.560000;2.362367e+02;8.473814e-01;5.389725e-03
256;2.570000;2.373081e+02;8.481094e-01;5.781939e-03
257;2.580000;2.379394e+02;8.458238e-01;3.872829e-03
258;2.590000;2.382483e+02;8.357815e-01;2.761566e-03
259;2.600000;2.379648e+02;8.086214e-01;1.640425e-03
260;2.610000;2.386193e+02;7.901133e-01;3.440939e-03
261;2.620000;2.410703e+02;7.801319e-01;2.103185e-02
262;2.630000;2.451204e+02;7.931231e-01;2.464988e-02
263;2.640000;2.485136e+02;8.007516e-01;2.970336e-02
264;2.650000;2.502340e+02;8.078344e-01;1.319269e-02
265;2.660000;2.505109e+02;8.083251e-01;1.070363e-02
266;2.670000;2.491520e+02;8.069202e-01;5.236866e-03
267;2.680000;2.456672e+02;8.029151e-01;4.050460e-03
268;2.690000;2.406826e+02;8.033710e-01;7.387245e-03
269;2.700000;2.359024e+02;7.990434e-01;1.069877e-02
270;2.710000;2.328259e+02;7.685280e-01;1.315642e-02
271;2.720000;1.544387e+02;7.146582e-01;8.647756e-03
272;2.730000;1.372797e+02;6.974147e-01;3.014316e-03
273;2.740000;1.183521e+02;7.146449e-01;0
274;2.750000;1.764833e+02;7.417769e-01;0
275;2.760000;1.769557e+02;7.343931e-01;7.522447e-03
276;2.770000;2.520540e+02;7.300406e-01;1.235029e-01
277;2.780000;3.322787e+02;7.492768e-01;1.368493e-01
278;2.790000;3.428281e+02;7.709775e-01;1.426732e-01
279;2.800000;2.817320e+02;7.888263e-01;1.067667e-01
280;2.810000;2.150061e+02;7.810016e-01;9.617853e-02
281;2.820000;2.121566e+02;7.675369e-01;8.454048e-02
282;2.830000;2.091214e+02;7.639217e-01;1.166483e-02
283;2.840000;2.780290e+02;7.737178e-01;1.018677e-01
284;2.850000;3.495060e+02;7.947538e-01;1.130693e-01
285;2.860000;3.491763e+02;7.914156e-01;2.682420e-01
286;2.870000;2.757789e+02;7.626460e-01;1.841294e-01
287;2.880000;1.358974e+02;6.773084e-01;1.712194e-01
288;2.890000;6.714030e+01;6.021529e-01;8.848392e-03
289;2.900000;0;5.463912e-01;0
290;2.910000;0;5.698795e-01;0
291;2.920000;0;5.644532e-01;0
292;2.930000;0;6.004991e-01;0
293;2.940000;0;6.272446e-01;0
294;2.950000;0;6.699702e-01;0
295;2.960000;0;6.657792e-01;0
296;2.970000;0;6.223485e-01;0
297;2.980000;0;5.965930e-01;0
298;2.990000;0;5.787950e-01;0
299;3.000000;0;5.869095e-01;0
300;3.010000;0;6.041158e-01;0
301;3.020000;0;6.203099e-01;0
302;3.030000;0;6.041256e-01;0
303;3.040000;0;5.825403e-01;0
304;3.050000;0;5.707690e-01;0
305;3.060000;7.460326e+01;6.280527e-01;0
306;3.070000;1.473535e+02;6.960623e-01;7.142945e-02
307;3.080000;2.195338e+02;7.730954e-01;8.933133e-02
308;3.090000;2.169711e+02;8.130451e-01;9.408654e-02
309;3.100000;2.161691e+02;8.260355e-01;2.441419e-02
310;3.110000;2.154993e+02;8.145428e-01;8.225341e-03
311;3.120000;2.146088e+02;7.905999e-01;6.809840e-03
312;3.130000;1.426605e+02;7.262515e-01;5.052740e-03
313;3.140000;7.115002e+01;6.616717e-01;3.339711e-03
314;3.150000;0;6.194908e-01;0
315;3.160000;0;6.335457e-01;0
316;3.170000;0;6.386101e-01;0
317;3.180000;0;6.354566e-01;0
318;3.190000;0;6.097334e-01;0
319;3.200000;0;5.978440e-01;0
320;3.210000;0;5.642266e-01;0
321;3.220000;0;5.366899e-01;0
322;3.230000;0;5.135668e-01;0
323;3.240000;0;5.452650e-01;0
324;3.250000;8.223467e+01;6.412632e-01;0
325;3.260000;1.634503e+02;7.461036e-01;3.264970e-02
326;3.270000;2.436934e+02;8.223688e-01;6.641947e-02
327;3.280000;2.410031e+02;8.420260e-01;7.042763e-02
328;3.290000;2.383701e+02;8.515126e-01;3.901682e-02
329;3.300000;2.359388e+02;8.494337e-01;8.054153e-03
330;3.310000;2.335946e+02;8.410637e-01;5.231908e-03
331;3.320000;2.316609e+02;8.074792e-01;6.386873e-03
332;3.330000;2.317489e+02;7.805254e-01;7.132715e-03
333;3.340000;2.315819e+02;7.657499e-01;1.117495e-02
334;3.350000;2.304248e+02;7.793593e-01;1.131248e-02
335;3.360000;2.260089e+02;7.797141e-01;1.495196e-02
336;3.370000;2.193378e+02;7.631683e-01;1.844080e-02
337;3.380000;1.438460e+02;7.019548e-01;1.590943e-02
338;3.390000;1.411599e+02;6.820190e-01;8.716992e-03
339;3.400000;1.403531e+02;7.052841e-01;0
340;3.410000;2.087019e+02;7.738454e-01;3.831342e-02
341;3.420000;2.047681e+02;8.118157e-01;8.713097e-02
342;3.430000;2.008153e+02;8.221557e-01;9.318638e-02
343;3.440000;1.974434e+02;8.300660e-01;6.113471e-02
344;3.450000;1.951407e+02;8.361409e-01;1.803381e-02
345;3.460000;1.939798e+02;8.372584e-01;1.291599e-02
346;3.470000;1.934306e+02;8.371563e-01;7.939807e-03
347;3.480000;1.932572e+02;8.346646e-01;4.210978e-03
348;3.490000;1.929035e+02;8.234887e-01;4.428223e-03
349;3.500000;1.914969e+02;7.877448e-01;3.656189e-03
350;3.510000;1.271090e+02;7.394824e-01;1.668358e-03
351;3.520000;6.302106e+01;6.607932e-01;5.135254e-04
352;3.530000;0;6.263427e-01;0
353;3.540000;0;5.908572e-01;0
354;3.550000;0;5.844953e-01;0
355;3.560000;0;5.748241e-01;0
356;3.570000;0;5.855410e-01;0
357;3.580000;0;5.941851e-01;0
358;3.590000;0;5.852934e-01;0
359;3.600000;0;5.918048e-01;0
360;3.610000;0;6.303329e-01;0
361;3.620000;0;6.584347e-01;0
362;3.630000;0;6.459849e-01;0
363;3.640000;0;6.374115e-01;0
364;3.650000;7.171277e+01;6.833870e-01;0
365;3.660000;1.426571e+02;7.597556e-01;0
366;3.670000;2.130369e+02;8.191079e-01;9.691963e-03
367;3.680000;2.117634e+02;8.377101e-01;1.430419e-02
368;3.690000;2.115276e+02;8.476114e-01;1.891641e-02
369;3.700000;2.120194e+02;8.512592e-01;1.075481e-02
370;3.710000;2.125239e+02;8.548630e-01;6.734157e-03
371;3.720000;2.126640e+02;8.553888e-01;3.147814e-03
372;3.730000;2.123686e+02;8.545027e-01;2.643335e-03
373;3.740000;2.119340e+02;8.521510e-01;2.756215e-03
374;3.750000;2.117397e+02;8.511464e-01;4.130973e-03
375;3.760000;2.120528e+02;8.481012e-01;4.662268e-03
376;3.770000;2.124214e+02;8.423532e-01;4.460717e-03
377;3.780000;2.122433e+02;8.283620e-01;2.562979e-03
378;3.790000;2.111005e+02;8.071196e-01;1.642003e-03
379;3.800000;2.070212e+02;7.681167e-01;1.335351e-03
380;3.810000;1.365450e+02;7.119171e-01;8.324498e-04
381;3.820000;6.679838e+01;6.429250e-01;1.962502e-04
382;3.830000;0;5.986884e-01;0
383;3.840000;0;5.913550e-01;0
384;3.850000;0;6.092966e-01;0
385;3.860000;0;6.262970e-01;0
386;3.870000;0;6.153524e-01;0
387;3.880000;0;6.386583e-01;0
388;3.890000;6.147150e+01;6.812694e-01;0
389;3.900000;1.235138e+02;7.325144e-01;7.375336e-02
390;3.910000;1.864705e+02;7.463320e-01;1.092924e-01
391;3.920000;1.876404e+02;7.358802e-01;1.252944e-01
392;3.930000;1.882913e+02;7.276279e-01;8.292734e-02
393;3.940000;1.883072e+02;7.317469e-01;6.829228e-02
394;3.950000;1.876005e+02;7.283425e-01;5.311608e-02
395;3.960000;1.249072e+02;7.142129e-01;2.172983e-02
396;3.970000;6.193469e+01;6.498241e-01;8.258788e-04
397;3.980000;0;5.905364e-01;0
398;3.990000;0;5.301456e-01;0
399;4.000000;0;5.080375e-01;0
400;4.010000;0;5.177066e-01;0
401;4.020000;0;5.342757e-01;0
402;4.030000;0;5.523046e-01;0
403;4.040000;0;5.295355e-01;0
404;4.050000;0;5.234250e-01;0
405;4.060000;0;5.143602e-01;0
406;4.070000;0;5.328359e-01;0
407;4.080000;0;5.318310e-01;0
408;4.090000;0;5.385150e-01;0
409;4.100000;0;5.511928e-01;0
410;4.110000;0;5.391582e-01;0
411;4.120000;0;5.797181e-01;0
412;4.130000;7.610754e+01;6.214578e-01;0
413;4.140000;1.507076e+02;7.174485e-01;5.915044e-03
414;4.150000;2.233858e+02;7.567931e-01;5.983631e-02
415;4.160000;2.178757e+02;7.717765e-01;7.265007e-02
416;4.170000;2.110730e+02;7.609646e-01;7.227256e-02
417;4.180000;1.383947e+02;7.243307e-01;1.835130e-02
418;4.190000;6.779725e+01;6.804225e-01;5.537536e-03
419;4.200000;0;6.173448e-01;0
420;4.210000;0;5.615457e-01;0
421;4.220000;0;5.206031e-01;0
422;4.230000;0;5.107498e-01;0
423;4.240000;0;5.224242e-01;0
424;4.250000;0;5.366607e-01;0
425;4.260000;0;5.444202e-01;0
426;4.270000;0;5.716802e-01;0
427;4.280000;0;5.818183e-01;0
428;4.290000;0;6.037964e-01;0
429;4.300000;8.405586e+01;6.513650e-01;0
430;4.310000;1.667697e+02;7.207432e-01;3.969627e-02
431;4.320000;2.481525e+02;7.942194e-01;1.085341e-01
432;4.330000;2.441683e+02;8.204773e-01;1.256765e-01
433;4.340000;2.403399e+02;8.393776e-01;8.874654e-02
434;4.350000;2.373558e+02;8.501436e-01;2.356869e-02
435;4.360000;2.356527e+02;8.587267e-01;8.182953e-03
436;4.370000;2.354713e+02;8.615530e-01;6.355134e-03
437;4.380000;2.366372e+02;8.600896e-01;3.061210e-03
438;4.390000;2.383309e+02;8.589866e-01;5.092866e-03
439;4.400000;2.397399e+02;8.557847e-01;5.696184e-03
440;4.410000;2.401073e+02;8.533278e-01;7.137866e-03
441;4.420000;2.402619e+02;8.391568e-01;5.670203e-03
442;4.430000;2.404566e+02;8.184001e-01;8.947901e-03
443;4.440000;1.605246e+02;7.660791e-01;7.140111e-03
444;4.450000;8.030769e+01;7.262790e-01;4.819512e-03
445;4.460000;7.580199e+01;7.158050e-01;0
446;4.470000;1.499132e+02;7.384534e-01;0
447;4.480000;2.224246e+02;7.606079e-01;4.143571e-03
448;4.490000;2.180820e+02;7.674265e-01;8.758795e-03
449;4.500000;2.143223e+02;7.786978e-01;1.518157e-02
450;4.510000;2.114353e+02;7.907124e-01;1.477885e-02
451;4.520000;2.091050e+02;7.777963e-01;1.314453e-02
452;4.530000;2.055529e+02;7.700441e-01;9.582804e-03
453;4.540000;2.024705e+02;7.693200e-01;7.325782e-03
454;4.550000;1.994743e+02;7.992969e-01;4.498520e-02
455;4.560000;1.986900e+02;8.221580e-01;4.416220e-02
456;4.570000;1.987876e+02;8.355353e-01;4.472051e-02
457;4.580000;2.001106e+02;8.396122e-01;5.103565e-03
458;4.590000;2.022239e+02;8.409144e-01;9.961938e-03
459;4.600000;2.042123e+02;8.429052e-01;8.755541e-03
460;4.610000;2.064268e+02;8.417093e-01;1.121036e-02
461;4.620000;2.095990e+02;8.397548e-01;5.730433e-03
462;4.630000;2.137255e+02;8.384857e-01;6.311174e-03
463;4.640000;2.179587e+02;8.429096e-01;1.655202e-02
464;4.650000;2.210918e+02;8.492627e-01;2.885459e-02
465;4.660000;2.224373e+02;8.487400e-01;3.251232e-02
466;4.670000;2.206923e+02;8.359968e-01;2.110290e-02
467;4.680000;2.154909e+02;8.214909e-01;1.661962e-02
468;4.690000;2.093186e+02;8.194541e-01;2.284049e-02
469;4.700000;2.041635e+02;8.272826e-01;2.683341e-02
470;4.710000;2.008114e+02;8.340745e-01;2.168152e-02
471;4.720000;1.978301e+02;8.296813e-01;1.337649e-02
472;4.730000;1.944999e+02;8.256484e-01;1.522817e-02
473;4.740000;1.915666e+02;8.248288e-01;1.793066e-02
474;4.750000;1.892052e+02;8.265243e-01;1.883666e-02
475;4.760000;1.881957e+02;8.222494e-01;1.269398e-02
476;4.770000;1.879697e+02;8.119121e-01;9.953133e-03
477;4.780000;1.887026e+02;8.022022e-01;6.398885e-03
478;4.790000;1.904657e+02;7.997721e-01;4.729131e-03
479;4.800000;1.929153e+02;8.036571e-01;8.210463e-03
480;4.810000;1.954913e+02;8.097470e-01;1.033107e-02
481;4.820000;1.975327e+02;8.094285e-01;1.430189e-02
482;4.830000;2.003726e+02;8.010092e-01;1.006108e-02
483;4.840000;2.029045e+02;8.041529e-01;1.005495e-02
484;4.850000;2.045595e+02;8.119970e-01;7.010395e-03
485;4.860000;2.041744e+02;8.310142e-01;8.651857e-03
486;4.870000;2.034324e+02;8.379466e-01;1.118921e-02
487;4.880000;2.033817e+02;8.440259e-01;1.227937e-02
488;4.890000;2.043223e+02;8.431938e-01;9.710067e-03
489;4.900000;2.059346e+02;8.438260e-01;7.336039e-03
490;4.910000;2.072598e+02;8.454993e-01;7.666870e-03
491;4.920000;2.075084e+02;8.425054e-01;8.488522e-03
492;4.930000;2.059345e+02;8.299647e-01;7.383593e-03
493;4.940000;2.023212e+02;7.969406e-01;6.209204e-03
494;4.950000;1.971693e+02;7.608745e-01;4.543996e-03
495;4.960000;1.294469e+02;6.960008e-01;3.029331e-03
496;4.970000;1.320950e+02;6.806108e-01;1.514665e-03
497;4.980000;1.368120e+02;6.736958e-01;0
498;4.990000;1.368120e+02;6.798580e-01;0
499;5.000000;6.837956e+01;6.342034e-01;0
500;5.010000;0;5.929179e-01;0
501;5.020000;0;5.941949e-01;0
502;5.030000;0;5.982051e-01;0
503;5.040000;0;5.884165e-01;0
504;5.050000;0;5.778037e-01;0
505;5.060000;0;6.034825e-01;0
506;5.070000;0;6.206936e-01;0
507;5.080000;0;6.306356e-01;0
508;5.090000;0;6.194823e-01;0
509;5.100000;0;6.153057e-01;0
510;5.110000;0;5.877634e-01;0
511;5.120000;0;5.676540e-01;0
512;5.130000;0;5.640044e-01;0
513;5.140000;0;5.465453e-01;0
514;5.150000;0;5.341680e-01;0
515;5.160000;0;5.186512e-01;0
516;5.170000;0;5.281864e-01;0
517;5.180000;0;5.403371e-01;0
518;5.190000;0;5.516924e-01;0
519;5.200000;0;5.483893e-01;0
520;5.210000;0;5.556036e-01;0
521;5.220000;0;5.390735e-01;0
522;5.230000;0;5.350177e-01;0
523;5.240000;1.403335e+02;5.856841e-01;3.574814e-02
524;5.250000;2.790641e+02;6.707223e-01;7.682565e-02
525;5.260000;4.158957e+02;7.603230e-01;1.004957e-01
526;5.270000;3.416056e+02;7.753835e-01;8.841767e-02
527;5.280000;2.672982e+02;7.847700e-01;2.252190e-01
528;5.290000;1.942916e+02;7.951867e-01;2.141345e-01
529;5.300000;1.918078e+02;8.042333e-01;2.030499e-01
530;5.310000;1.905017e+02;8.052626e-01;2.818535e-02
531;5.320000;1.894907e+02;7.976326e-01;1.861412e-02
532;5.330000;1.259311e+02;7.406974e-01;6.028596e-03
533;5.340000;6.281396e+01;6.837199e-01;3.014298e-03
534;5.350000;6.497904e+01;6.791306e-01;0
535;5.360000;1.311053e+02;7.339488e-01;4.338610e-02
536;5.370000;1.984515e+02;7.927417e-01;5.468739e-02
537;5.380000;2.022043e+02;8.113242e-01;6.112486e-02
538;5.390000;2.049360e+02;8.213632e-01;2.134523e-02
539;5.400000;2.062886e+02;8.286015e-01;1.481626e-02
540;5.410000;2.062835e+02;8.317067e-01;1.138260e-02
541;5.420000;2.060322e+02;8.322846e-01;9.134755e-03
542;5.430000;2.058542e+02;8.219789e-01;4.533289e-03
543;5.440000;2.051202e+02;7.826410e-01;3.516735e-03
544;5.450000;2.035111e+02;7.419527e-01;4.586400e-03
545;5.460000;2.035104e+02;7.301547e-01;3.547569e-02
546;5.470000;2.050527e+02;7.356520e-01;5.310544e-02
547;5.480000;2.107044e+02;7.455149e-01;7.029414e-02
548;5.490000;2.144675e+02;7.553608e-01;5.881585e-02
549;5.500000;2.170346e+02;7.845194e-01;4.698013e-02
550;5.510000;2.168562e+02;8.158004e-01;3.064639e-02
551;5.520000;2.180028e+02;8.251653e-01;1.127109e-02
552;5.530000;2.206620e+02;8.244057e-01;5.350183e-03
553;5.540000;2.243357e+02;8.189912e-01;9.304666e-03
554;5.550000;2.285608e+02;8.187310e-01;1.164021e-02
555;5.560000;2.341616e+02;8.113095e-01;1.753091e-02
556;5.570000;2.421618e+02;8.007885e-01;1.232906e-02
557;5.580000;2.517043e+02;7.900331e-01;1.613055e-02
558;5.590000;2.625617e+02;7.914436e-01;1.281913e-02
559;5.600000;2.706741e+02;7.989970e-01;1.948060e-02
560;5.610000;2.757023e+02;7.960460e-01;1.724940e-02
561;5.620000;1.844828e+02;7.614346e-01;1.280975e-02
562;5.630000;9.222558e+01;6.880972e-01;4.112390e-03
563;5.640000;0;6.325018e-01;0
564;5.650000;0;6.131523e-01;0
565;5.660000;0;6.080601e-01;0
566;5.670000;0;6.031645e-01;0
567;5.680000;0;6.134132e-01;0
568;5.690000;0;6.570126e-01;0
569;5.700000;0;6.794770e-01;0
570;5.710000;0;6.571840e-01;0
571;5.720000;0;6.011909e-01;0
572;5.730000;0;5.841904e-01;0
573;5.740000;0;5.989323e-01;0
574;5.750000;0;6.219378e-01;0
575;5.760000;0;5.973652e-01;0
576;5.770000;0;5.684461e-01;0
577;5.780000;0;5.535290e-01;0
578;5.790000;0;5.794953e-01;0
579;5.800000;8.101849e+01;6.425471e-01;0
580;5.810000;1.602956e+02;7.260740e-01;0
581;5.820000;2.387122e+02;7.972767e-01;2.494698e-02
582;5.830000;2.349270e+02;8.274457e-01;3.260938e-02
583;5.840000;2.314363e+02;8.376832e-01;4.027177e-02
584;5.850000;2.281749e+02;8.439594e-01;2.085108e-02
585;5.860000;2.254005e+02;8.478751e-01;1.499741e-02
586;5.870000;2.235036e+02;8.517622e-01;8.249442e-03
587;5.880000;2.219132e+02;8.515184e-01;5.983997e-03
588;5.890000;2.205968e+02;8.507717e-01;5.198577e-03
589;5.900000;2.193966e+02;8.512021e-01;5.307449e-03
590;5.910000;2.182213e+02;8.512369e-01;3.292638e-03
591;5.920000;2.173138e+02;8.517511e-01;3.737910e-03
592;5.930000;2.168808e+02;8.528051e-01;3.569278e-03
593;5.940000;2.169725e+02;8.540158e-01;3.023596e-03
594;5.950000;2.173747e+02;8.557322e-01;1.717777e-03
595;5.960000;2.178289e+02;8.546265e-01;3.111236e-03
596;5.970000;2.180682e+02;8.553863e-01;2.916959e-03
597;5.980000;2.181008e+02;8.547668e-01;3.164095e-03
598;5.990000;2.180304e+02;8.544353e-01;9.313448e-04
599;6.000000;2.180954e+02;8.505886e-01;6.637864e-04
600;6.010000;2.183945e+02;8.401895e-01;1.039406e-03
601;6.020000;2.182094e+02;8.217975e-01;3.477829e-03
602;6.030000;2.168978e+02;7.777573e-01;5.872662e-03
603;6.040000;1.439289e+02;7.171337e-01;5.087147e-03
604;6.050000;7.147379e+01;6.701553e-01;2.633342e-03
605;6.060000;0;6.538627e-01;0
606;6.070000;0;6.584494e-01;0
607;6.080000;0;6.469435e-01;0
608;6.090000;0;6.121743e-01;0
609;6.100000;8.028826e+01;6.361110e-01;0
610;6.110000;1.577633e+02;6.708958e-01;0
611;6.120000;2.327255e+02;7.229788e-01;3.280214e-02
612;6.130000;1.524373e+02;7.045562e-01;3.280214e-02
613;6.140000;7.496230e+01;6.759251e-01;3.280214e-02
614;6.150000;0;6.544847e-01;0
615;6.160000;0;6.430159e-01;0
616;6.170000;0;6.526932e-01;0
617;6.180000;0;6.448326e-01;0
618;6.190000;0;6.383427e-01;0
619;6.200000;0;6.360938e-01;0
620;6.210000;0;6.138943e-01;0
621;6.220000;0;5.925172e-01;0
622;6.230000;0;5.415459e-01;0
623;6.240000;0;5.717091e-01;0
624;6.250000;1.467069e+02;6.346083e-01;6.308827e-02
625;6.260000;2.871922e+02;7.274854e-01;9.246668e-02
626;6.270000;4.264022e+02;7.781606e-01;1.128065e-01
627;6.280000;3.486399e+02;8.001266e-01;2.204818e-01
628;6.290000;2.763900e+02;7.985215e-01;1.967214e-01
629;6.300000;2.040446e+02;7.817553e-01;1.788212e-01
630;6.310000;1.351001e+02;7.335939e-01;8.057677e-03
631;6.320000;6.686459e+01;6.977299e-01;2.439559e-03
632;6.330000;1.389802e+02;6.959136e-01;0
633;6.340000;2.786682e+02;7.236189e-01;5.132711e-02
634;6.350000;2.786682e+02;7.311687e-01;5.132711e-02
635;6.360000;1.396880e+02;6.931086e-01;5.132711e-02
636;6.370000;0;6.730912e-01;0
637;6.380000;0;6.620679e-01;0
638;6.390000;0;6.591285e-01;0
639;6.400000;0;6.269875e-01;0
640;6.410000;0;5.968992e-01;0
641;6.420000;0;5.871437e-01;0
642;6.430000;0;5.641925e-01;0
643;6.440000;0;5.919637e-01;0
644;6.450000;8.307371e+01;6.432029e-01;0
645;6.460000;1.649686e+02;7.350090e-01;3.354727e-02
646;6.470000;2.451945e+02;7.809997e-01;4.529887e-02
647;6.480000;2.403910e+02;7.994733e-01;4.762760e-02
648;6.490000;2.346580e+02;8.003365e-01;2.271601e-02
649;6.500000;2.286529e+02;8.002272e-01;1.503499e-02
650;6.510000;2.229501e+02;7.977619e-01;1.950916e-02
651;6.520000;2.179406e+02;7.954711e-01;1.516464e-02
652;6.530000;2.136463e+02;7.922079e-01;1.538520e-02
653;6.540000;2.095301e+02;7.791664e-01;2.063997e-02
654;6.550000;2.028772e+02;7.578628e-01;2.341452e-02
655;6.560000;1.329507e+02;7.236797e-01;1.912337e-02
656;6.570000;6.449952e+01;6.918043e-01;7.065710e-03
657;6.580000;0;6.443829e-01;0
658;6.590000;0;6.142645e-01;0
659;6.600000;7.743854e+01;6.480827e-01;0
660;6.610000;1.558669e+02;7.153850e-01;0
661;6.620000;2.349631e+02;7.879937e-01;2.536008e-02
662;6.630000;2.369421e+02;8.067949e-01;2.821088e-02
663;6.640000;2.376215e+02;8.204339e-01;3.106168e-02
664;6.650000;2.373709e+02;8.266063e-01;8.435481e-03
665;6.660000;2.367435e+02;8.306365e-01;6.369018e-03
666;6.670000;2.366959e+02;8.322681e-01;4.050359e-03
667;6.680000;2.375828e+02;8.354478e-01;1.637865e-03
668;6.690000;2.388505e+02;8.387136e-01;1.174924e-03
669;6.700000;2.397760e+02;8.422599e-01;2.708718e-03
670;6.710000;2.396915e+02;8.417460e-01;2.470775e-03
671;6.720000;2.382904e+02;8.356528e-01;3.536886e-03
672;6.730000;2.353702e+02;8.238955e-01;3.129916e-03
673;6.740000;2.315020e+02;8.005615e-01;1.164192e-02
674;6.750000;1.528452e+02;7.469074e-01;1.025442e-02
675;6.760000;7.577993e+01;6.629052e-01;8.595454e-03
676;6.770000;0;5.979160e-01;0
677;6.780000;0;5.856457e-01;0
678;6.790000;0;5.847916e-01;0
679;6.800000;0;5.934305e-01;0
680;6.810000;0;5.898489e-01;0
681;6.820000;0;5.928800e-01;0
682;6.830000;0;5.993050e-01;0
683;6.840000;0;6.174717e-01;0
684;6.850000;7.663019e+01;6.920690e-01;0
685;6.860000;1.521962e+02;7.567840e-01;5.482748e-02
686;6.870000;2.273868e+02;8.123934e-01;7.766774e-02
687;6.880000;2.256370e+02;8.301232e-01;8.230352e-02
688;6.890000;2.248225e+02;8.378482e-01;2.910788e-02
689;6.900000;2.244338e+02;8.359635e-01;7.283298e-03
690;6.910000;2.247228e+02;8.311542e-01;3.201124e-03
691;6.920000;2.255705e+02;8.279736e-01;2.768441e-03
692;6.930000;2.270027e+02;8.257152e-01;3.703045e-03
693;6.940000;2.280524e+02;8.218172e-01;8.506490e-03
694;6.950000;2.279003e+02;8.077774e-01;7.577069e-03
695;6.960000;2.267265e+02;7.758890e-01;1.287964e-02
696;6.970000;1.505074e+02;6.989864e-01;7.522598e-03
697;6.980000;7.506026e+01;6.312689e-01;7.252856e-03
698;6.990000;0;6.103754e-01;0
699;7.000000;0;6.398633e-01;0
700;7.010000;0;6.632358e-01;0
701;7.020000;0;6.662710e-01;0
702;7.030000;0;6.462156e-01;0
703;7.040000;0;6.337795e-01;0
704;7.050000;0;6.040882e-01;0
705;7.060000;0;6.189223e-01;0
706;7.070000;0;6.462248e-01;0
707;7.080000;0;6.860309e-01;0
708;7.090000;0;6.985663e-01;0
709;7.100000;0;6.911874e-01;0
710;7.110000;0;6.749849e-01;0
711;7.120000;0;6.468006e-01;0
712;7.130000;0;6.224842e-01;0
713;7.140000;0;6.066023e-01;0
714;7.150000;0;5.960622e-01;0
715;7.160000;0;5.683278e-01;0
716;7.170000;0;5.586575e-01;0
717;7.180000;0;5.508182e-01;0
718;7.190000;0;5.653746e-01;0
719;7.200000;9.024061e+01;6.294104e-01;0
720;7.210000;1.786056e+02;7.007751e-01;3.549166e-02
721;7.220000;2.643904e+02;7.771437e-01;9.280813e-02
722;7.230000;3.420370e+02;7.944328e-01;1.639703e-01
723;7.240000;4.178787e+02;8.175395e-01;1.408800e-01
724;7.250000;4.933829e+02;8.346583e-01;8.882780e-02
725;7.260000;4.852304e+02;8.404605e-01;1.947038e-02
726;7.270000;4.792437e+02;8.415956e-01;1.448594e-02
727;7.280000;4.751414e+02;8.414307e-01;1.138599e-02
728;7.290000;4.706498e+02;8.393005e-01;1.620376e-02
729;7.300000;4.656503e+02;8.392183e-01;9.860623e-03
730;7.310000;4.602765e+02;8.379433e-01;9.867297e-03
731;7.320000;4.560409e+02;8.393888e-01;5.101272e-03
732;7.330000;3.783430e+02;8.388998e-01;1.702999e-01
733;7.340000;3.024109e+02;8.377892e-01;1.712340e-01
734;7.350000;3.041668e+02;8.341467e-01;2.434005e-01
735;7.360000;3.815830e+02;8.234119e-01;8.230121e-02
736;7.370000;4.588380e+02;7.831702e-01;8.474690e-02
737;7.380000;3.060747e+02;7.308462e-01;1.072392e-02
738;7.390000;1.531360e+02;6.632982e-01;5.550815e-03
739;7.400000;0;6.478164e-01;0
740;7.410000;1.546923e+02;6.731691e-01;9.817091e-03
741;7.420000;3.088334e+02;7.280183e-01;1.795654e-02
742;7.430000;4.631869e+02;7.675204e-01;3.679485e-02
743;7.440000;4.642012e+02;7.693605e-01;4.392996e-02
744;7.450000;3.100601e+02;7.271879e-01;3.579052e-02
745;7.460000;1.557066e+02;6.669391e-01;1.695221e-02
746;7.470000;0;6.155211e-01;0
747;7.480000;0;6.043133e-01;0
748;7.490000;6.577905e+01;6.519372e-01;0
749;7.500000;1.322908e+02;7.194433e-01;0
750;7.510000;1.990107e+02;7.899924e-01;2.559515e-02
751;7.520000;1.993300e+02;8.097839e-01;2.785163e-02
752;7.530000;1.981938e+02;8.130472e-01;2.893827e-02
753;7.540000;1.968582e+02;8.127405e-01;5.689372e-03
754;7.550000;1.963535e+02;8.197625e-01;8.232369e-03
755;7.560000;1.968070e+02;8.255538e-01;7.409728e-03
756;7.570000;1.975181e+02;8.268289e-01;7.282565e-03
757;7.580000;1.979393e+02;8.119944e-01;3.909402e-03
758;7.590000;1.321101e+02;7.670177e-01;3.645403e-03
759;7.600000;1.311868e+02;7.353989e-01;1.426314e-03
760;7.610000;1.312142e+02;7.348970e-01;6.549978e-03
761;7.620000;1.969765e+02;7.724057e-01;1.825982e-02
762;7.630000;1.968249e+02;7.931301e-01;1.915318e-02
763;7.640000;1.945867e+02;7.979037e-01;1.349656e-02
764;7.650000;1.919605e+02;7.917210e-01;7.237539e-03
765;7.660000;1.897921e+02;7.995154e-01;8.044246e-03
766;7.670000;1.886234e+02;8.108376e-01;8.850952e-03
767;7.680000;1.882118e+02;8.280608e-01;5.100200e-03
768;7.690000;1.881033e+02;8.378001e-01;9.617682e-03
769;7.700000;1.885312e+02;8.405653e-01;8.701430e-03
770;7.710000;1.891459e+02;8.414259e-01;8.447223e-03
771;7.720000;1.898330e+02;8.429666e-01;7.610759e-03
772;7.730000;1.903665e+02;8.451237e-01;7.135236e-03
773;7.740000;1.911121e+02;8.453171e-01;6.782759e-03
774;7.750000;1.921620e+02;8.449290e-01;2.541346e-03
775;7.760000;1.935242e+02;8.427348e-01;3.938693e-03
776;7.770000;1.946272e+02;8.401317e-01;4.550947e-03
777;7.780000;1.952957e+02;8.345059e-01;5.259799e-03
778;7.790000;1.957709e+02;8.318439e-01;5.402682e-03
779;7.800000;1.967664e+02;8.274897e-01;3.885876e-03
780;7.810000;1.984221e+02;8.263972e-01;2.226187e-03
781;7.820000;1.998417e+02;8.253684e-01;1.114913e-02
782;7.830000;2.003945e+02;8.239346e-01;1.326841e-02
783;7.840000;2.002558e+02;8.197808e-01;1.756804e-02
784;7.850000;1.998699e+02;8.121826e-01;7.652916e-03
785;7.860000;1.995933e+02;8.042950e-01;7.010802e-03
786;7.870000;1.998447e+02;7.992356e-01;4.188329e-03
787;7.880000;2.002931e+02;8.008066e-01;3.646553e-03
788;7.890000;2.001212e+02;8.062579e-01;4.319095e-03
789;7.900000;1.986387e+02;8.097240e-01;2.961160e-03
790;7.910000;1.962177e+02;8.103296e-01;2.954650e-03
791;7.920000;1.935878e+02;8.112103e-01;1.122799e-02
792;7.930000;1.911117e+02;8.105793e-01;2.153181e-02
793;7.940000;1.886711e+02;8.091738e-01;2.929329e-02
794;7.950000;2.478179e+02;8.088847e-01;8.703581e-02
795;7.960000;3.063768e+02;8.074757e-01;8.718654e-02
796;7.970000;3.637633e+02;8.041534e-01;9.141567e-02
797;7.980000;3.587302e+02;8.003399e-01;3.545209e-02
798;7.990000;2.953582e+02;7.960547e-01;3.708029e-02
799;8.000000;2.333367e+02;7.903540e-01;1.891043e-01
800;8.010000;1.731272e+02;7.889376e-01;1.812554e-01
801;8.020000;1.729906e+02;7.961674e-01;1.746691e-01
802;8.030000;1.739013e+02;8.121634e-01;1.330573e-02
803;8.040000;1.747830e+02;8.225037e-01;8.842587e-03
804;8.050000;1.750616e+02;8.281959e-01;6.136416e-03
805;8.060000;1.749530e+02;8.277103e-01;4.128448e-03
806;8.070000;1.746951e+02;8.260579e-01;4.858277e-03
807;8.080000;1.744816e+02;8.234908e-01;2.669603e-03
808;8.090000;1.743539e+02;8.226268e-01;1.781113e-03
809;8.100000;1.742427e+02;8.224084e-01;1.786019e-03
810;8.110000;1.738896e+02;8.192676e-01;1.689778e-03
811;8.120000;1.737827e+02;8.159800e-01;2.140084e-03
812;8.130000;1.740856e+02;8.108680e-01;4.864001e-03
813;8.140000;1.749469e+02;8.017054e-01;7.017538e-03
814;8.150000;1.753536e+02;7.834306e-01;8.150703e-03
815;8.160000;1.169765e+02;7.459963e-01;4.613328e-03
816;8.170000;5.839375e+01;7.074659e-01;1.646333e-03
817;8.180000;0;6.484787e-01;0
818;8.190000;0;6.024655e-01;0
819;8.200000;0;5.587963e-01;0
820;8.210000;0;5.395217e-01;0
821;8.220000;0;5.267540e-01;0
822;8.230000;0;5.264500e-01;0
823;8.240000;0;5.475059e-01;0
824;8.250000;0;5.597035e-01;0
825;8.260000;0;5.723839e-01;0
826;8.270000;0;5.750847e-01;0
827;8.280000;0;5.948357e-01;0
828;8.290000;0;6.001503e-01;0
829;8.300000;0;5.726179e-01;0
830;8.310000;0;5.423864e-01;0
831;8.320000;0;5.313756e-01;0
832;8.330000;0;5.323793e-01;0
833;8.340000;0;5.291314e-01;0
834;8.350000;0;5.162590e-01;0
835;8.360000;0;5.182970e-01;0
836;8.370000;0;5.366454e-01;0
837;8.380000;0;5.601838e-01;0
838;8.390000;0;5.860014e-01;0
839;8.400000;0;5.790060e-01;0
840;8.410000;0;5.693251e-01;0
841;8.420000;0;5.679591e-01;0
842;8.430000;0;5.859959e-01;0
843;8.440000;0;6.007211e-01;0
844;8.450000;0;5.809175e-01;0
845;8.460000;0;5.590329e-01;0
846;8.470000;0;5.300454e-01;0
847;8.480000;0;5.249553e-01;0
848;8.490000;0;5.107099e-01;0
849;8.500000;0;5.192828e-01;0
850;8.510000;0;5.206426e-01;0
851;8.520000;0;5.334563e-01;0
852;8.530000;0;5.132513e-01;0
853;8.540000;0;5.145917e-01;0
854;8.550000;0;5.243307e-01;0
855;8.560000;0;5.748708e-01;0
856;8.570000;0;6.021695e-01;0
857;8.580000;0;5.996725e-01;0
858;8.590000;0;5.624962e-01;0
859;8.600000;0;5.335657e-01;0
860;8.600000;0;5.239380e-01;0
